{
  "version": "7",
  "dialect": "mysql",
  "entries": [
    {
      "idx": 0,
      "version": "5",
      "when": 1771037906114,
      "tag": "0000_whole_kitty_pryde",
      "breakpoints": true
    },
    {
      "idx": 1,
      "version": "5",
      "when": 1771037988589,
      "tag": "0001_empty_clint_barton",
      "breakpoints": true
    },
    {
      "idx": 2,
      "version": "5",
      "when": 1771045127848,
      "tag": "0002_clean_gamora",
      "breakpoints": true
    },
    {
      "idx": 3,
      "version": "5",
      "when": 1771045999881,
      "tag": "0003_cheerful_talisman",
      "breakpoints": true
    },
    {
      "idx": 4,
      "version": "5",
      "when": 1771046205382,
      "tag": "0004_white_warstar",
      "breakpoints": true
    }
  ]
}